value,anomaly
100.0,-1
59.26139092254469,-1
10.0,-1
36.901274479551276,-1
40.06215542699554,-1
